MACµÿ÷∑±‡∫≈,,MACµÿ÷∑±‡∫≈,,MACµÿ÷∑±‡∫≈,,MACµÿ÷∑±‡∫≈,,MACµÿ÷∑±‡∫≈,,MACµÿ÷∑±‡∫≈,,MACµÿ÷∑±‡∫≈,,MACµÿ÷∑±‡∫≈,,MACµÿ÷∑±‡∫≈,,MACµÿ÷∑±‡∫≈,,MACµÿ÷∑±‡∫≈
0001MAC:5CCF7FBBCA98,,0101MAC:6001944A8251,,0201MAC:6001944A83CE,,0301MAC:5CCF7FBBB8B7,,0401MAC:5CCF7FADF0D8,,0501MAC:A020A60526CA,,0601MAC:5CCF7FB256E1,,0701MAC:5CCF7FB255AC,,0801MAC:5CCF7FBBBD39,,0901MAC:5CCF7FBBB8C5,,2011MAC:5CCF7F6249D2
0002MAC:60019401010C,,0102MAC:6001944A82A7,,0202MAC:6001944A8101,,0302MAC:5CCF7FBBB8D0,,0402MAC:5CCF7FADF1B7,,0502MAC:5CCF7FADEF38,,0602MAC:5CCF7FB27D2B,,0702MAC:5CCF7FB256F2,,0802MAC:5CCF7FBBBDDA,,0902MAC:5CCF7FBBBD79,,2012MAC:5CCF7F6249F9
0003MAC:6001944A8113,,0103MAC:6001944A8166,,0203MAC:6001944A83EE,,0303MAC:5CCF7FBBB852,,0403MAC:5CCF7FADF139,,0503MAC:5CCF7FADEF76,,0603MAC:5CCF7FB256DA,,0703MAC:5CCF7FB27D37,,0803MAC:5CCF7FBBB971,,0903MAC:5CCF7FBBB8AE,,2013MAC:5CCF7F6249CD
0004MAC:5CCF7F2802C3,,0104MAC:6001944A8155,,0204MAC:6001944A850A,,0304MAC:5CCF7FBBBCF6,,0404MAC:5CCF7FADEF07,,0504MAC:5CCF7FADF1D9,,0604MAC:5CCF7FB256C4,,0704MAC:5CCF7FB255D1,,0804MAC:5CCF7FBBB8D3,,0904MAC:5CCF7FBBBDED,,2014MAC:5CCF7F624A09
0005MAC:6001944A8330,,0105MAC:6001944A81C8,,0205MAC:6001944A8310,,0305MAC:5CCF7FBBB978,,0405MAC:A020A60526A4,,0505MAC:5CCF7FADF059,,0605MAC:5CCF7FB256D5,,0705MAC:5CCF7FB2564F,,0805MAC:5CCF7FBBBCB5,,0905MAC:5CCF7FBBB845,,2015MAC:5CCF7F6249CF
0006MAC:6001944A8337,,0106MAC:6001944A8122,,0206MAC:6001944A840D,,0306MAC:5CCF7FBBBE01,,0406MAC:5CCF7FADEFD3,,0506MAC:5CCF7FB256B0,,0606MAC:5CCF7FB25705,,0706MAC:5CCF7FB2554D,,0806MAC:5CCF7FBBBE14,,0906MAC:5CCF7FBBBCB0,,2016MAC:2C3AE83DFAEC
0007MAC:A020A60CB870,,0107MAC:6001944A81F1,,0207MAC:6001944A8450,,0307MAC:5CCF7FBBB914,,0407MAC:5CCF7FADEF73,,0507MAC:5CCF7FB27D38,,0607MAC:5CCF7FB256DF,,0707MAC:5CCF7FB27D36,,0807MAC:5CCF7FBBCA91,,0907MAC:5CCF7FBBBD8B,,2017MAC:2C3AE83E033C
0008MAC:6001944A8350,,0108MAC:6001944A82AA,,0208MAC:6001944A8317,,0308MAC:5CCF7FBBB83E,,0408MAC:5CCF7FADEEE9,,0508MAC:5CCF7FB256B8,,0608MAC:5CCF7FB256F8,,0708MAC:5CCF7FB254E2,,0808MAC:5CCF7FBBB943,,0908MAC:5CCF7FBBBD0F,,2018MAC:2C3AE83DFD32
0009MAC:18FE34D1C500,,0109MAC:6001944A8379,,0209MAC:6001944A84E1,,0309MAC:5CCF7FBBB981,,0409MAC:5CCF7FADEFC1,,0509MAC:5CCF7FB27D3E,,0609MAC:5CCF7FB256CA,,0709MAC:5CCF7FB254B1,,0809MAC:5CCF7FBB642F,,0909MAC:5CCF7FBBBDB8,,2019MAC:2C3AE83E0266
0010MAC:6001944A84A9,,0110MAC:6001944A8116,,0210MAC:6001944A83DF,,0310MAC:5CCF7FBBB81C,,0410MAC:5CCF7FADEF95,,0510MAC:5CCF7FB27E0F,,0610MAC:5CCF7FB256C5,,0710MAC:5CCF7FB25568,,0810MAC:5CCF7FBB6E35,,0910MAC:5CCF7FBBBD48,,2020MAC:2C3AE83DFB73
0011MAC:6001944A8105,,0111MAC:6001944A816B,,0211MAC:6001944A841C,,0311MAC:5CCF7FBBBC90,,0411MAC:5CCF7FADEFA2,,0511MAC:5CCF7FB256C2,,0611MAC:5CCF7FB256CE,,0711MAC:5CCF7FB27D23,,0811MAC:5CCF7FBBBD9A,,0911MAC:5CCF7FBBBE0A,,2021MAC:5CCF7F624A0B
0012MAC:6001944A832D,,0112MAC:6001944A81BE,,0212MAC:6001944A846B,,0312MAC:5CCF7FBBB8A3,,0412MAC:5CCF7FBBBDFA,,0512MAC:5CCF7FB27D8D,,0612MAC:5CCF7FB256F9,,0712MAC:5CCF7F23EF99,,0812MAC:5CCF7FBBB88F,,0912MAC:5CCF7FBBBE11,,2022MAC:5CCF7F624A04
0013MAC:6001944A8329,,0113MAC:6001944A82AE,,0213MAC:6001944A8336,,0313MAC:5CCF7FBBBDEC,,0413MAC:5CCF7FADF057,,0513MAC:5CCF7FB27D61,,0613MAC:5CCF7FB2570A,,0713MAC:5CCF7FB255CF,,0813MAC:5CCF7FBBCA85,,0913MAC:5CCF7FBBBD58,,2023MAC:5CCF7F6249D0
0014MAC:6001944A8186,,0114MAC:6001944A811E,,0214MAC:6001944A849B,,0314MAC:5CCF7FBBB895,,0414MAC:5CCF7FADF360,,0514MAC:5CCF7FB256BD,,0614MAC:5CCF7FB25708,,0714MAC:5CCF7FB256CB,,0814MAC:5CCF7FBBBDCE,,0914MAC:5CCF7FBBBD71,,2024MAC:5CCF7F624A08
0015MAC:6001944A80BA,,0115MAC:6001944A817B,,0215MAC:6001944A84FE,,0315MAC:5CCF7FBBB817,,0415MAC:A020A60526FC,,0515MAC:5CCF7FB256C3,,0615MAC:5CCF7FB27D26,,0715MAC:5CCF7FB2547B,,0815MAC:5CCF7FBBBDE2,,0915MAC:5CCF7FBBB832,,2025MAC:5CCF7F6249FA
0016MAC:6001944A832C,,0116MAC:6001944A816C,,0216MAC:6001944A831B,,0316MAC:600194286645,,0416MAC:5CCF7FADEFB9,,0516MAC:5CCF7FB256BA,,0616MAC:5CCF7FB256D1,,0716MAC:5CCF7FB2571F,,0816MAC:5CCF7FBBCA8A,,0916MAC:5CCF7FBBB8B2,,2026MAC:2C3AE83DFF0A
0017MAC:6001944A80B2,,0117MAC:6001944A81EC,,0217MAC:6001944A845E,,0317MAC:5CCF7FBBB85C,,0417MAC:5CCF7FADEED5,,0517MAC:5CCF7FB256B6,,0617MAC:5CCF7FB25702,,0717MAC:5CCF7F1EFDD1,,0817MAC:5CCF7FBBBD9F,,0917MAC:5CCF7FBBB8C7,,2027MAC:2C3AE83E01EF
0018MAC:18FE34FDC59B,,0118MAC:6001944A840A,,0218MAC:6001944A8335,,0318MAC:5CCF7FBBB97B,,0418MAC:5CCF7FADF323,,0518MAC:5CCF7FB256BF,,0618MAC:5CCF7FB256FA,,0718MAC:5CCF7FB256BB,,0818MAC:5CCF7FBBBCD8,,0918MAC:5CCF7FBBBCBD,,
0019MAC:6001944A8326,,0119MAC:6001944A8405,,0219MAC:6001944A8424,,0319MAC:5CCF7FBBBD4C,,0419MAC:5CCF7FADF13E,,0519MAC:5CCF7FB256D9,,0619MAC:5CCF7FB256D0,,0719MAC:5CCF7FB27DF9,,0819MAC:5CCF7FBB6E4A,,0919MAC:5CCF7FBBB980,,
0020MAC:18FE349C4B8D,,0120MAC:6001944A80CA,,0220MAC:6001944A8410,,0320MAC:5CCF7FBBB879,,0420MAC:5CCF7FADEF3B,,0520MAC:5CCF7FB256AA,,0620MAC:5CCF7FB256F4,,0720MAC:5CCF7FB254C6,,0820MAC:5CCF7FBBB8AA,,0920MAC:5CCF7FBBB854,,
0021MAC:6001944A8199,,0121MAC:6001944A80A9,,0221MAC:6001944A8333,,0321MAC:5CCF7FBBB87A,,0421MAC:5CCF7FADF052,,0521MAC:5CCF7FB256C0,,0621MAC:5CCF7FB256F6,,0721MAC:5CCF7FB27D85,,0821MAC:5CCF7FBBBCB3,,0921MAC:5CCF7FBBB833,,
0022MAC:6001944A83EC,,0122MAC:6001944A8187,,0222MAC:6001944A8477,,0322MAC:5CCF7FBBBCA0,,0422MAC:5CCF7FADF1E2,,0522MAC:5CCF7FB27E04,,0622MAC:5CCF7FB256FC,,0722MAC:5CCF7FB254B7,,0822MAC:5CCF7FBBB8E4,,0922MAC:5CCF7FBBBD11,,
0023MAC:6001944A844E,,0123MAC:6001944A8204,,0223MAC:6001944A8312,,0323MAC:5CCF7FBBB899,,0423MAC:5CCF7FBBBE6E,,0523MAC:5CCF7FB256AD,,0623MAC:5CCF7FB256FE,,0723MAC:5CCF7FB25723,,0823MAC:5CCF7FBBBD2E,,0923MAC:5CCF7FBBB826,,
0024MAC:6001944A83E7,,0124MAC:6001944A81C1,,0224MAC:6001944A846A,,0324MAC:5CCF7FBBBD1E,,0424MAC:5CCF7FBBBE45,,0524MAC:5CCF7FB27D41,,0624MAC:5CCF7FB256DC,,0724MAC:5CCF7FB25501,,0824MAC:5CCF7FBBB86E,,0924MAC:5CCF7FBB6D61,,
0025MAC:6001944A83DA,,0125MAC:6001944A82E6,,0225MAC:6001944A8469,,0325MAC:5CCF7FBB63A0,,0425MAC:A020A60526CB,,0525MAC:5CCF7FB27D3C,,0625MAC:5CCF7FB256CC,,0725MAC:5CCF7FB255B2,,0825MAC:5CCF7FBBBDAC,,0925MAC:5CCF7FBB679A,,
0026MAC:6001944A808A,,0126MAC:6001944A8171,,0226MAC:6001944A8106,,0326MAC:5CCF7FBBBD93,,0426MAC:5CCF7FADF04A,,0526MAC:5CCF7FB256B9,,0626MAC:5CCF7FB256E0,,0726MAC:5CCF7FB25562,,0826MAC:5CCF7FBB6295,,0926MAC:5CCF7FBB6DDB,,
0027MAC:6001944A830E,,0127MAC:6001944A5AA3,,0227MAC:6001944A84F4,,0327MAC:5CCF7FBBBD83,,0427MAC:5CCF7FADF398,,0527MAC:5CCF7FB256B4,,0627MAC:5CCF7FB256C9,,0727MAC:5CCF7FB27D25,,0827MAC:5CCF7FBBBD01,,0927MAC:5CCF7FBBB84F,,
0028MAC:6001944A8316,,0128MAC:6001944A84C0,,0228MAC:6001944A83F2,,0328MAC:5CCF7FBBB900,,0428MAC:5CCF7F3B0797,,0528MAC:5CCF7FB256D7,,0628MAC:5CCF7FB25707,,0728MAC:5CCF7FB27D59,,0828MAC:5CCF7FBBB934,,0928MAC:5CCF7FBBBCC0,,
0029MAC:6001944A84B1,,0129MAC:6001944A80A5,,0229MAC:6001944A830F,,0329MAC:5CCF7FBBBDBD,,0429MAC:5CCF7FADF035,,0529MAC:5CCF7FB27E07,,0629MAC:5CCF7FB256FF,,0729MAC:5CCF7FB254EC,,0829MAC:5CCF7FBB69CF,,0929MAC:5CCF7FBB658F,,
0030MAC:5CCF7FD65FC0,,0130MAC:6001944A820A,,0230MAC:6001944A8334,,0330MAC:5CCF7FBBBDE6,,0430MAC:5CCF7FADF103,,0530MAC:5CCF7FB256BC,,0630MAC:5CCF7FB25709,,0730MAC:5CCF7FB27D72,,0830MAC:5CCF7FBBBDC8,,0930MAC:5CCF7FBB65A0,,
0031MAC:5CCF7F8AF39D,,0131MAC:6001944A8259,,0231MAC:6001944A84F6,,0331MAC:5CCF7FBBBDC9,,0431MAC:5CCF7FADF039,,0531MAC:5CCF7FB27D65,,0631MAC:5CCF7FB27D22,,0731MAC:5CCF7FB2564D,,0831MAC:5CCF7FBBB94C,,0931MAC:5CCF7FBBB81B,,
0032MAC:18FE34D8D1B6,,0132MAC:6001944A808E,,0232MAC:6001944A8188,,0332MAC:5CCF7FBBBD55,,0432MAC:5CCF7FADEF30,,0532MAC:5CCF7FB256AF,,0632MAC:5CCF7FB2570B,,0732MAC:5CCF7FB254D5,,0832MAC:5CCF7FBBB882,,0932MAC:5CCF7FBBB8E9,,
0033MAC:6001944A8200,,0133MAC:6001944A8208,,0233MAC:6001944A8340,,0333MAC:5CCF7FBBBCEF,,0433MAC:5CCF7FADF0DF,,0533MAC:5CCF7FB256B2,,0633MAC:5CCF7FB256E2,,0733MAC:5CCF7FB25634,,0833MAC:5CCF7FBBBC91,,0933MAC:5CCF7FBBB8F2,,
0034MAC:6001944A8314,,0134MAC:6001944A808D,,0234MAC:6001944A80FE,,0334MAC:5CCF7FBBB878,,0434MAC:A020A60526B3,,0534MAC:5CCF7FB27D3F,,0634MAC:5CCF7FB2573A,,0734MAC:5CCF7FB2568A,,0834MAC:5CCF7FBBCA8F,,0934MAC:5CCF7FBBBD6F,,
0035MAC:18FE34A544F7,,0135MAC:6001944A81F6,,0235MAC:6001944A8420,,0335MAC:5CCF7FBBB87B,,0435MAC:5CCF7FADF363,,0535MAC:5CCF7FB256B1,,0635MAC:5CCF7FB256D6,,0735MAC:5CCF7FB254BF,,0835MAC:5CCF7FBBBDE4,,0935MAC:5CCF7FBBBCEE,,
0036MAC:6001944A82B8,,0136MAC:6001944A816D,,0236MAC:6001944A83CA,,0336MAC:5CCF7FBBBCF2,,0436MAC:5CCF7FADEFA1,,0536MAC:5CCF7FB27D63,,0636MAC:5CCF7FB256E3,,0736MAC:5CCF7FB27E62,,0836MAC:5CCF7FBBBE05,,0936MAC:5CCF7FBBBDBE,,
0037MAC:5CCF7F1A9D22,,0137MAC:6001944A80F9,,0237MAC:6001944A80BC,,0337MAC:5CCF7FBBBD4D,,0437MAC:5CCF7FADF364,,0537MAC:5CCF7FB27D3D,,0637MAC:5CCF7FB256D4,,0737MAC:5CCF7FAB321F,,0837MAC:5CCF7FBBB8FE,,0937MAC:5CCF7FBBCA92,,
0038MAC:6001944A8498,,0138MAC:6001944A8260,,0238MAC:6001944A84FB,,0338MAC:5CCF7FBBBC83,,0438MAC:A020A6052678,,0538MAC:5CCF7FB256AB,,0638MAC:5CCF7FB256FB,,0738MAC:5CCF7FB25633,,0838MAC:5CCF7FBBBCB4,,0938MAC:5CCF7FBBBE09,,
0039MAC:6001944A833F,,0139MAC:6001944A8202,,0239MAC:6001944A846C,,0339MAC:5CCF7FBBBD27,,0439MAC:A020A605266F,,0539MAC:5CCF7FB256AC,,0639MAC:5CCF7FB25701,,0739MAC:5CCF7FB2566F,,0839MAC:5CCF7FBBBDDD,,0939MAC:5CCF7FBBBD5E,,
0040MAC:6001944A80B9,,0140MAC:6001944A8254,,0240MAC:6001944A8503,,0340MAC:5CCF7FB25477,,0440MAC:5CCF7FADEEF3,,0540MAC:5CCF7FB27D44,,0640MAC:5CCF7FB256D8,,0740MAC:5CCF7FB27D5E,,0840MAC:5CCF7FBBB862,,0940MAC:5CCF7FBBB871,,
0041MAC:6001944A8331,,0141MAC:6001944A8089,,0241MAC:6001944A835E,,0341MAC:5CCF7FB254CC,,0441MAC:5CCF7FADEEFF,,0541MAC:5CCF7FB256B3,,0641MAC:5CCF7FB27D90,,0741MAC:5CCF7FB254F4,,0841MAC:5CCF7FBBBD57,,0941MAC:5CCF7FBBBDBC,,
0042MAC:5CCF7F1EAD36,,0142MAC:6001944A80FD,,0242MAC:6001944A8319,,0342MAC:5CCF7FB254D9,,0442MAC:A020A605270D,,0542MAC:5CCF7FB27E05,,0642MAC:5CCF7FB27D86,,0742MAC:5CCF7FB25547,,0842MAC:5CCF7FBB5E32,,0942MAC:5CCF7FBBB8D2,,
0043MAC:6001944A830C,,0143MAC:6001944A817D,,0243MAC:6001944A846D,,0343MAC:5CCF7FB25481,,0443MAC:5CCF7FADF264,,0543MAC:5CCF7FB256DD,,0643MAC:5CCF7FB27E0E,,0743MAC:5CCF7FB2566D,,0843MAC:5CCF7FBBBDE8,,0943MAC:5CCF7FBBB8EE,,
0044MAC:6001944A84B2,,0144MAC:6001944A82A8,,0244MAC:6001944A8415,,0344MAC:5CCF7FB2559A,,0444MAC:5CCF7FADF033,,0544MAC:5CCF7FB27D46,,0644MAC:5CCF7FB27D8E,,0744MAC:5CCF7FB25664,,0844MAC:5CCF7FBBBD8D,,0944MAC:5CCF7FBBB92B,,
0045MAC:6001944A833A,,0145MAC:6001944A824D,,0245MAC:6001944A832F,,0345MAC:5CCF7FB25506,,0445MAC:5CCF7FADEF83,,0545MAC:5CCF7FB256AE,,0645MAC:5CCF7FB27E03,,0745MAC:5CCF7FB255AB,,0845MAC:5CCF7FBBBC80,,0945MAC:5CCF7FBBBE0C,,
0046MAC:5CCF7F00B66A,,0146MAC:6001944A8177,,0246MAC:6001944A831D,,0346MAC:5CCF7FB25496,,0446MAC:5CCF7FADF354,,0546MAC:5CCF7FB27D42,,0646MAC:5CCF7FB27E1A,,0746MAC:5CCF7FB2565E,,0846MAC:5CCF7FBBB931,,0946MAC:5CCF7FBBB881,,
0047MAC:6001944A83ED,,0147MAC:6001944A817F,,0247MAC:6001944A844F,,0347MAC:5CCF7FB2548A,,0447MAC:A020A60526A2,,0547MAC:5CCF7FB256DB,,0647MAC:5CCF7FB27D99,,0747MAC:5CCF7FB2562E,,0847MAC:5CCF7FBBBD6B,,0947MAC:5CCF7FBBBCC9,,
0048MAC:5CCF7FD71716,,0148MAC:6001944A808C,,0248MAC:6001944A84F8,,0348MAC:5CCF7FB27DF3,,0448MAC:5CCF7FADEF57,,0548MAC:5CCF7FB27D40,,0648MAC:5CCF7FB27E0D,,0748MAC:5CCF7FB25661,,0848MAC:5CCF7FBB5CA9,,0948MAC:5CCF7FBBB93B,,
0049MAC:6001944A832B,,0149MAC:6001944A80CC,,0249MAC:6001944A833C,,0349MAC:5CCF7FB25493,,0449MAC:5CCF7FADF110,,0549MAC:5CCF7FB27D3B,,0649MAC:5CCF7FB27E0C,,0749MAC:5CCF7FB25666,,0849MAC:5CCF7FBBB8DF,,0949MAC:5CCF7FBBBCE4,,
0050MAC:6001944A83CC,,0150MAC:6001944A8162,,0250MAC:6001944A84EF,,0350MAC:5CCF7FB25494,,0450MAC:5CCF7FADEFD2,,0550MAC:5CCF7FB27E11,,0650MAC:5CCF7FB27E0A,,0750MAC:5CCF7FB255AE,,0850MAC:5CCF7FBBBCE2,,0950MAC:5CCF7FBBB8FD,,
0051MAC:6001944A83EB,,0151MAC:6001944A80FA,,0251MAC:6001944A830D,,0351MAC:5CCF7FADF082,,0451MAC:5CCF7FADEF8E,,0551MAC:5CCF7FB27D52,,0651MAC:5CCF7FB27D8F,,0751MAC:5CCF7FB255A1,,0851MAC:5CCF7FBBB827,,0951MAC:5CCF7FBBBDC3,,
0052MAC:6001944A80B6,,0152MAC:6001944A8263,,0252MAC:6001944A83EF,,0352MAC:5CCF7FB2549D,,0452MAC:A020A6052664,,0552MAC:5CCF7FB27D24,,0652MAC:5CCF7FB27D9C,,0752MAC:5CCF7FB255AA,,0852MAC:5CCF7FBBB818,,0952MAC:5CCF7FBBBCF0,,
0053MAC:6001944A84F7,,0153MAC:6001944A816A,,0253MAC:6001944A8459,,0353MAC:5CCF7FB254A2,,0453MAC:5CCF7FADEFFE,,0553MAC:5CCF7FB27D4D,,0653MAC:5CCF7FB27E09,,0753MAC:5CCF7FB25688,,0853MAC:5CCF7FBBB8AC,,0953MAC:5CCF7FBBBC9E,,
0054MAC:6001944A824E,,0154MAC:6001944A8267,,0254MAC:6001944A8338,,0354MAC:5CCF7FB25490,,0454MAC:A020A60526C8,,0554MAC:5CCF7FB27D39,,0654MAC:5CCF7FB27D96,,0754MAC:5CCF7FB255B1,,0854MAC:5CCF7FBBB8B9,,0954MAC:5CCF7FBBB83B,,
0055MAC:6001944A8351,,0155MAC:6001944A8091,,0255MAC:6001944A846F,,0355MAC:5CCF7FB2548B,,0455MAC:5CCF7FADEFAB,,0555MAC:5CCF7FB27D4E,,0655MAC:5CCF7FB27E16,,0755MAC:5CCF7FFED26E,,0855MAC:5CCF7FBBB941,,0955MAC:5CCF7FBBB830,,
0056MAC:6001944A8328,,0156MAC:6001944A820B,,0256MAC:6001944A80B1,,0356MAC:5CCF7FB2549F,,0456MAC:5CCF7FADF102,,0556MAC:5CCF7FB2569E,,0656MAC:5CCF7FB27D92,,0756MAC:5CCF7FB27E52,,0856MAC:5CCF7FBBBDB5,,0956MAC:5CCF7FBBB8C3,,
0057MAC:6001944A83DB,,0157MAC:6001944A8170,,0257MAC:6001944A8507,,0357MAC:5CCF7FB254A0,,0457MAC:5CCF7FADF0FC,,0557MAC:5CCF7FB25714,,0657MAC:5CCF7FB27D94,,0757MAC:5CCF7FFED26F,,0857MAC:5CCF7FBBB83C,,0957MAC:5CCF7FBBCA84,,
0058MAC:6001944A80AE,,0158MAC:6001944A81F8,,0258MAC:6001944A8473,,0358MAC:5CCF7FB25492,,0458MAC:5CCF7FADF037,,0558MAC:5CCF7FB27D4B,,0658MAC:5CCF7FB27D97,,0758MAC:5CCF7FB254AF,,0858MAC:5CCF7FBBB9DC,,0958MAC:5CCF7FBBCA9A,,
0059MAC:6001944A84F2,,0159MAC:6001944A8380,,0259MAC:6001944A8504,,0359MAC:5CCF7FB25483,,0459MAC:5CCF7FADF02B,,0559MAC:5CCF7FB25712,,0659MAC:5CCF7FB27D8B,,0759MAC:5CCF7FB27D30,,0859MAC:5CCF7FBBB964,,0959MAC:5CCF7FBB659A,,
0060MAC:6001944A8461,,0160MAC:6001944A825D,,0260MAC:6001944A82F6,,0360MAC:5CCF7FB2555B,,0460MAC:5CCF7FADEF44,,0560MAC:5CCF7FB256A2,,0660MAC:5CCF7FB27D88,,0760MAC:5CCF7FB25632,,0860MAC:5CCF7FBBBDDF,,0960MAC:5CCF7FBBB89B,,
0061MAC:6001944A833D,,0161MAC:6001944A8152,,0261MAC:6001944A84A7,,0361MAC:5CCF7FB254EB,,0461MAC:5CCF7FADF129,,0561MAC:5CCF7FB256C6,,0661MAC:5CCF7FB27D93,,0761MAC:5CCF7FB2564C,,0861MAC:5CCF7FBBB848,,0961MAC:5CCF7FBBB8C0,,
0062MAC:6001944A8425,,0162MAC:6001944A80A4,,0262MAC:6001944A8100,,0362MAC:5CCF7FB25491,,0462MAC:5CCF7FADEF1F,,0562MAC:5CCF7FB27D49,,0662MAC:5CCF7FB27D51,,0762MAC:5CCF7FB255AF,,0862MAC:5CCF7FBBBCD9,,0962MAC:5CCF7FBBB821,,
0063MAC:6001944A80AA,,0163MAC:6001944A81C7,,0263MAC:6001944A80FC,,0363MAC:5CCF7FB254E4,,0463MAC:5CCF7FADEF63,,0563MAC:5CCF7FB27D35,,0663MAC:5CCF7FB27E15,,0763MAC:5CCF7FB25631,,0863MAC:5CCF7FBBBCFD,,0963MAC:5CCF7FBBBCA5,,
0064MAC:6001944A845C,,0164MAC:6001944A824F,,0264MAC:6001944A8427,,0364MAC:5CCF7FB27E29,,0464MAC:5CCF7FADEFAE,,0564MAC:5CCF7FB2571E,,0664MAC:5CCF7FB27D34,,0764MAC:5CCF7FB25647,,0864MAC:5CCF7FBBCA89,,0964MAC:5CCF7FBBBD92,,
0065MAC:6001944A8110,,0165MAC:6001944A824A,,0265MAC:6001944A849F,,0365MAC:5CCF7FB2557C,,0465MAC:5CCF7FADF067,,0565MAC:5CCF7FB25724,,0665MAC:5CCF7FB27D3A,,0765MAC:5CCF7FB25675,,0865MAC:5CCF7FBBB944,,0965MAC:5CCF7FBBBD33,,
0066MAC:6001944A8479,,0166MAC:6001944A837C,,0266MAC:6001944A810F,,0366MAC:5CCF7FB25473,,0466MAC:5CCF7FADEF0F,,0566MAC:5CCF7FB256CF,,0666MAC:5CCF7FB27E12,,0766MAC:5CCF7FB25652,,0866MAC:5CCF7FBBB928,,0966MAC:5CCF7FBBBD2F,,
0067MAC:6001944A81F9,,0167MAC:6001944A80D3,,0267MAC:5CCF7F85EB91,,0367MAC:5CCF7FB25557,,0467MAC:A020A60526F8,,0567MAC:5CCF7FB27D48,,0667MAC:5CCF7FB27D91,,0767MAC:5CCF7FB2563C,,0867MAC:5CCF7FBBBD38,,0967MAC:5CCF7FBBBD7F,,
0068MAC:6001944A83E9,,0168MAC:6001944A816E,,0268MAC:6001944A80AC,,0368MAC:5CCF7FB255E5,,0468MAC:5CCF7FADEF3C,,0568MAC:5CCF7FB256A6,,0668MAC:5CCF7FB27E19,,0768MAC:5CCF7FB27E56,,0868MAC:5CCF7FBBBCB9,,0968MAC:5CCF7FBBBDA8,,
0069MAC:6001944A810E,,0169MAC:6001944A8131,,0269MAC:6001944A8313,,0369MAC:5CCF7FB27DEE,,0469MAC:5CCF7FADEF5B,,0569MAC:5CCF7FB25718,,0669MAC:5CCF7FB27D89,,0769MAC:5CCF7FB27D56,,0869MAC:5CCF7FBBB88E,,0969MAC:5CCF7FBBB913,,
0070MAC:6001944A84A0,,0170MAC:6001944A850C,,0270MAC:6001944A8502,,0370MAC:5CCF7FB25475,,0470MAC:5CCF7FADEF5C,,0570MAC:5CCF7FB27D28,,0670MAC:5CCF7FB27E0B,,0770MAC:5CCF7FB27E55,,0870MAC:5CCF7FBBBDCA,,0970MAC:5CCF7FBBB912,,
0071MAC:6001944A8417,,0171MAC:6001944A836F,,0271MAC:6001944A8111,,0371MAC:5CCF7FADF07C,,0471MAC:5CCF7FADF276,,0571MAC:5CCF7FB27D45,,0671MAC:5CCF7FB27D95,,0771MAC:5CCF7FB27D2E,,0871MAC:5CCF7FBBB8C2,,0971MAC:5CCF7FBBBD53,,
0072MAC:6001944A84A6,,0172MAC:6001944A8253,,0272MAC:6001944A80AF,,0372MAC:5CCF7FADF113,,0472MAC:5CCF7FADF265,,0572MAC:5CCF7FB25711,,0672MAC:5CCF7FB27D50,,0772MAC:5CCF7FB27E64,,0872MAC:5CCF7FBBB942,,0972MAC:5CCF7FBBB965,,
0073MAC:6001944A8466,,0173MAC:6001944A8384,,0273MAC:6001944A841A,,0373MAC:A020A6052705,,0473MAC:5CCF7FADEF85,,0573MAC:5CCF7FB256A0,,0673MAC:5CCF7FB27D9F,,0773MAC:5CCF7FB27E4F,,0873MAC:5CCF7FBBBD21,,0973MAC:5CCF7FBBBE1A,,
0074MAC:6001944A80B4,,0174MAC:6001944A81D2,,0274MAC:6001944A810B,,0374MAC:5CCF7FADF06E,,0474MAC:5CCF7FADF391,,0574MAC:5CCF7FB2573F,,0674MAC:5CCF7FB27E18,,0774MAC:5CCF7FB2546C,,0874MAC:5CCF7FBBBE7B,,0974MAC:5CCF7FBBBCA4,,
0075MAC:6001944A80CE,,0175MAC:6001944A80EA,,0275MAC:6001944A8462,,0375MAC:5CCF7FADEF34,,0475MAC:5CCF7FADEF40,,0575MAC:5CCF7FB2570E,,0675MAC:5CCF7FB27D9B,,0775MAC:5CCF7FB27E59,,0875MAC:5CCF7FBBBC97,,0975MAC:5CCF7FBBB820,,
0076MAC:6001944A8332,,0176MAC:6001944A815D,,0276MAC:6001944A8455,,0376MAC:5CCF7FADEF65,,0476MAC:5CCF7FADEFE4,,0576MAC:5CCF7FB25721,,0676MAC:5CCF7FB27E02,,0776MAC:5CCF7FBBB84D,,0876MAC:5CCF7FBBB8F4,,0976MAC:5CCF7FBBBD7D,,
0077MAC:6001944A84F1,,0177MAC:6001944A8176,,0277MAC:6001944A80B8,,0377MAC:5CCF7FADF032,,0477MAC:5CCF7FADEF32,,0577MAC:5CCF7FB25716,,0677MAC:5CCF7FB27D9A,,0777MAC:5CCF7FBBB8DC,,0877MAC:5CCF7FBBBD97,,0977MAC:5CCF7FBBB890,,
0078MAC:6001944A849A,,0178MAC:6001944A8167,,0278MAC:6001944A8506,,0378MAC:5CCF7FADEFE7,,0478MAC:5CCF7FADEEEE,,0578MAC:5CCF7FB27D29,,0678MAC:5CCF7FB27D87,,0778MAC:5CCF7FBBCA93,,0878MAC:5CCF7FBBB8F9,,0978MAC:5CCF7FBBB88D,,
0079MAC:6001944A832A,,0179MAC:6001944A81EA,,0279MAC:6001944A83E6,,0379MAC:5CCF7FADEFCD,,0479MAC:5CCF7FADF034,,0579MAC:5CCF7FB2571D,,0679MAC:5CCF7FB27E13,,0779MAC:5CCF7FBBB863,,0879MAC:5CCF7FBBB92D,,0979MAC:5CCF7FBBB95B,,
0080MAC:6001944A8107,,0180MAC:6001944A8174,,0280MAC:6001944A8456,,0380MAC:5CCF7FADF074,,0480MAC:5CCF7FADEECC,,0580MAC:5CCF7FB25710,,0680MAC:5CCF7FB2558D,,0780MAC:5CCF7FBBBD29,,0880MAC:5CCF7FBBBDA7,,0980MAC:5CCF7FBBBDF1,,
0081MAC:6001944A833B,,0181MAC:6001944A80A1,,0281MAC:6001944A845D,,0381MAC:5CCF7FADF274,,0481MAC:5CCF7FADF35E,,0581MAC:5CCF7FB256A4,,0681MAC:5CCF7FB27D84,,0781MAC:5CCF7FBB68F7,,0881MAC:5CCF7FBBBC98,,0981MAC:5CCF7FBBB8BD,,
0082MAC:6001944A8500,,0182MAC:6001944A837F,,0282MAC:6001944A84F5,,0382MAC:5CCF7FADEF98,,0482MAC:A020A605269A,,0582MAC:5CCF7FB256A8,,0682MAC:5CCF7FB27E01,,0782MAC:5CCF7FBBBDBF,,0882MAC:5CCF7FBBB8EB,,0982MAC:5CCF7FBBB9DE,,
0083MAC:18FE34FE33FE,,0183MAC:6001944A82EE,,0283MAC:6001944A841D,,0383MAC:5CCF7FADF31A,,0483MAC:5CCF7FADF01D,,0583MAC:5CCF7FB25722,,0683MAC:5CCF7FB27E10,,0783MAC:5CCF7FBBBC87,,0883MAC:5CCF7FBBBDB2,,0983MAC:5CCF7FBBBD4F,,
0084MAC:6001944A8421,,0184MAC:6001944A8414,,0284MAC:6001944A80C4,,0384MAC:5CCF7F3B0789,,0484MAC:5CCF7FADF0D3,,0584MAC:5CCF7FB25715,,0684MAC:5CCF7FB27D8C,,0784MAC:5CCF7FBBBCED,,0884MAC:5CCF7FBBB8D4,,0984MAC:5CCF7FBBBCCF,,
0085MAC:6001944A80DB,,0185MAC:6001944A8104,,0285MAC:6001944A849C,,0385MAC:A020A60526DA,,0485MAC:5CCF7FADEF78,,0585MAC:5CCF7FB2571C,,0685MAC:5CCF7FB27E08,,0785MAC:5CCF7FBBB8B6,,0885MAC:5CCF7FBBBD9C,,0985MAC:5CCF7FBBBCAF,,
0086MAC:6001944A812C,,0186MAC:6001944A83E3,,0286MAC:6001944A84FA,,0386MAC:5CCF7FADEEE2,,0486MAC:5CCF7FADEF70,,0586MAC:5CCF7FB27D4A,,0686MAC:5CCF7FB2550D,,0786MAC:5CCF7FBBBD80,,0886MAC:5CCF7FBBBE81,,0986MAC:5CCF7FBBB946,,
0087MAC:6001944A80C5,,0187MAC:6001944A841F,,0287MAC:6001944A84F9,,0387MAC:A020A6052671,,0487MAC:5CCF7FADEEC8,,0587MAC:5CCF7FB256C8,,0687MAC:600194107009,,0787MAC:5CCF7FBBCA87,,0887MAC:5CCF7FBBB974,,0987MAC:5CCF7FBB6484,,
0088MAC:6001944A8436,,0188MAC:6001944A8109,,0288MAC:6001944A8189,,0388MAC:5CCF7FADF35F,,0488MAC:5CCF7FADEFD9,,0588MAC:5CCF7FB27D47,,0688MAC:5CCF7FB255A3,,0788MAC:5CCF7FBBB8C6,,0888MAC:5CCF7FBBB8EF,,0988MAC:5CCF7FBBB865,,
0089MAC:6001944A80C8,,0189MAC:6001944A840F,,0289MAC:6001944A80C0,,0389MAC:5CCF7FADF325,,0489MAC:5CCF7FADF11D,,0589MAC:5CCF7FB25717,,0689MAC:5CCF7FB254F6,,0789MAC:5CCF7FBBBC7B,,0889MAC:5CCF7FBBBE04,,0989MAC:5CCF7FBBBE12,,
0090MAC:6001944A80D7,,0190MAC:6001944A810A,,0290MAC:6001944A8505,,0390MAC:5CCF7FADF0A2,,0490MAC:5CCF7FADF352,,0590MAC:5CCF7FB2570C,,0690MAC:5CCF7FB256B7,,0790MAC:5CCF7FBBBE1D,,0890MAC:5CCF7FBBB853,,0990MAC:5CCF7FBBB867,,
0091MAC:6001944A80E9,,0191MAC:6001944A8478,,0291MAC:6001944A844C,,0391MAC:A020A60526F5,,0491MAC:5CCF7F3B078C,,0591MAC:5CCF7FB27D4C,,0691MAC:5CCF7FB256E4,,0791MAC:5CCF7FBBBD4E,,0891MAC:5CCF7FBBB843,,0991MAC:5CCF7FBBBD64,,
0092MAC:6001944A820E,,0192MAC:6001944A817E,,0292MAC:6001944A8423,,0392MAC:5CCF7FADF279,,0492MAC:5CCF7FADEEF2,,0592MAC:5CCF7FB2571B,,0692MAC:5CCF7FB27D8A,,0792MAC:5CCF7FBBB8D7,,0892MAC:5CCF7FBBB8AD,,0992MAC:5CCF7FBBBC8B,,
0093MAC:6001944A82A4,,0193MAC:6001944A8416,,0293MAC:6001944A810C,,0393MAC:5CCF7FADEEF5,,0493MAC:5CCF7F3B0794,,0593MAC:5CCF7FB25719,,0693MAC:5CCF7FB27D5A,,0793MAC:5CCF7FBBB96B,,0893MAC:5CCF7FBBB8BE,,0993MAC:5CCF7FBBB876,,
0094MAC:6001944A837D,,0194MAC:6001944A84FD,,0294MAC:6001944A8418,,0394MAC:5CCF7FADF005,,0494MAC:A020A60526B5,,0594MAC:5CCF7FB25713,,0694MAC:5CCF7F1F01EA,,0794MAC:5CCF7FBBB816,,0894MAC:5CCF7FBBBE1E,,0994MAC:5CCF7FBBBD49,,
0095MAC:6001944A80F7,,0195MAC:6001944A83F0,,0295MAC:6001944A84AD,,0395MAC:5CCF7F3B0787,,0495MAC:5CCF7F3B0785,,0595MAC:5CCF7FB2571A,,0695MAC:5CCF7FB254E1,,0795MAC:5CCF7FBBBD40,,0895MAC:5CCF7FBBBC88,,0995MAC:5CCF7FBB6372,,
0096MAC:6001944A80CF,,0196MAC:6001944A8339,,0296MAC:6001944A8103,,0396MAC:5CCF7FADEFF3,,0496MAC:5CCF7FADF36A,,0596MAC:5CCF7FB256D2,,0696MAC:5CCF7FB256DE,,0796MAC:5CCF7FBBBC9A,,0896MAC:5CCF7FBBBCCD,,0996MAC:5CCF7FBBB96A,,
0097MAC:6001944A8209,,0197MAC:6001944A80BB,,0297MAC:6001944A83D7,,0397MAC:5CCF7FADEF7C,,0497MAC:A020A60526B8,,0597MAC:5CCF7FB256D3,,0697MAC:5CCF7FB27D43,,0797MAC:5CCF7FBBB889,,0897MAC:5CCF7FBBBCCE,,0997MAC:5CCF7FBBB8E5,,
0098MAC:6001944A8205,,0198MAC:6001944A83E5,,0298MAC:6001944A8467,,0398MAC:A020A60526EE,,0498MAC:5CCF7F3B0788,,0598MAC:5CCF7FB25706,,0698MAC:5CCF7FB25651,,0798MAC:5CCF7FBB6D8D,,0898MAC:5CCF7FBBBE18,,0998MAC:5CCF7FBB6654,,
0099MAC:6001944A8132,,0199MAC:6001944A80C6,,0299MAC:6001944A8315,,0399MAC:5CCF7FADEFB6,,0499MAC:5CCF7F3B0796,,0599MAC:5CCF7FB25700,,0699MAC:5CCF7FB25640,,0799MAC:5CCF7FBBBC85,,0899MAC:5CCF7FBBBC96,,0999MAC:5CCF7FBBBCFC,,
0100MAC:6001944A837B,,0200MAC:6001944A830B,,0300MAC:6001944A8446,,0400MAC:5CCF7FADEFEE,,0500MAC:5CCF7FADEFD6,,0600MAC:5CCF7FB256CD,,0700MAC:5CCF7FB256C1,,0800MAC:5CCF7FBBBD31,,0900MAC:5CCF7FBB7B0B,,1000MAC:5CCF7FBBB90A,,
